Patricius|Patrici
Theodericus|Theoderic
Alaricus|Alaric
Odovacer|Odovacr|Odoacr 
Athalaricus|Athalaric
Theodahadus|Theodahad
Vvitiges|VVitig
Anastasius|Anastasi
Iustinianus|Iustinian
Theodora|Theodor
Cassiodorus|Senator|Cassiodor
Boethius|Boethi
Symmachus|TSymmach
Liberius|Liberi
Agapetus|Agapet
